epoch	load1	load5	load15
1790077109	2.93	2.18	1.52
1790077114	3.18	2.24	1.55
1790077121	6.05	2.85	1.75
1790077126	7.65	3.24	1.88
1790077131	8.40	3.46	1.96
1790077136	8.28	3.52	1.99
1790077141	8.74	3.70	2.05
1790077146	8.52	3.74	2.07
1790077154	8.64	3.84	2.12
1790077159	9.07	4.01	2.18
1790077164	9.30	4.14	2.23
1790077169	9.36	4.24	2.28
1790077174	9.89	4.44	2.35
1790077179	9.90	4.53	2.39
1790077184	11.91	5.03	2.57
1790077192	12.40	5.25	2.65
1790077197	12.05	5.30	2.68
1790077202	12.28	5.46	2.75
1790077207	12.66	5.65	2.82
1790077212	12.61	5.75	2.87
1790077217	13.68	6.09	3.00
1790077224	13.39	6.16	3.03
1790077229	13.35	6.27	3.09
1790077234	13.25	6.36	3.14
1790077239	13.47	6.52	3.21
1790077244	12.79	6.50	3.22
1790077249	13.13	6.67	3.29
1790077254	12.80	6.71	3.32
1790077262	13.21	6.90	3.40
1790077267	14.16	7.20	3.52
1790077272	13.98	7.28	3.56
1790077277	13.66	7.33	3.60
1790077282	13.53	7.40	3.64
1790077287	13.17	7.43	3.67
1790077294	13.07	7.51	3.72
1790077299	12.83	7.55	3.75
1790077304	12.28	7.52	3.76
1790077309	12.02	7.55	3.79
1790077314	12.10	7.64	3.84
1790077319	12.09	7.71	3.88
1790077327	12.00	7.77	3.92
1790077332	12.08	7.85	3.97
1790077337	11.59	7.82	3.98
1790077342	12.03	7.97	4.05
1790077347	11.54	7.94	4.06
1790077352	11.34	7.96	4.09
1790077357	11.63	8.08	4.15
1790077365	11.42	8.09	4.18
1790077370	11.07	8.07	4.19
1790077375	10.74	8.06	4.21
1790077380	11.24	8.20	4.28
1790077385	11.38	8.28	4.32
1790077390	10.95	8.25	4.33
1790077398	10.80	8.26	4.36
1790077403	10.49	8.24	4.37
1790077408	10.21	8.22	4.39
1790077413	10.60	8.33	4.44
1790077418	11.51	8.56	4.54
1790077423	11.23	8.55	4.56
1790077428	11.85	8.72	4.63
1790077436	11.78	8.76	4.67
1790077441	11.72	8.80	4.70
1790077446	11.26	8.75	4.71
1790077451	11.88	8.92	4.79
1790077456	11.73	8.94	4.82
1790077461	11.83	9.01	4.86
1790077468	12.17	9.12	4.92
1790077473	11.99	9.14	4.95
1790077478	11.83	9.15	4.97
1790077483	11.93	9.22	5.02
1790077488	12.25	9.33	5.08
1790077493	12.47	9.42	5.13
1790077498	12.52	9.48	5.17
1790077506	12.31	9.49	5.20
1790077511	12.61	9.60	5.26
1790077516	12.48	9.62	5.29
1790077521	12.28	9.63	5.31
1790077526	12.34	9.69	5.36
1790077531	11.91	9.64	5.37
1790077539	12.16	9.73	5.42
1790077544	12.55	9.85	5.48
1790077549	13.54	10.10	5.58
1790077554	13.26	10.10	5.61
1790077559	12.76	10.05	5.62
1790077564	12.54	10.05	5.64
1790077569	12.49	10.08	5.67
1790077577	13.50	10.33	5.78
1790077582	13.86	10.46	5.84
1790077587	14.03	10.55	5.90
1790077592	13.55	10.51	5.91
1790077597	14.94	10.85	6.05
1790077602	16.47	11.23	6.20
1790077610	16.19	11.26	6.23
1790077615	16.42	11.39	6.30
1790077620	16.62	11.52	6.37
1790077625	16.09	11.49	6.39
1790077630	17.29	11.82	6.52
1790077635	17.02	11.85	6.56
1790077643	17.34	12.00	6.64
1790077648	18.76	12.39	6.79
1790077653	20.54	12.86	6.98
1790077658	20.17	12.91	7.03
1790077663	20.80	13.16	7.14
1790077668	20.10	13.14	7.16
1790077673	19.93	13.23	7.22
1790077680	19.45	13.24	7.26
1790077685	19.90	13.43	7.36
1790077690	19.82	13.53	7.42
1790077695	20.16	13.70	7.51
1790077700	21.27	14.04	7.65
1790077705	20.45	13.99	7.67
1790077713	19.85	13.97	7.70
1790077718	19.30	13.95	7.73
1790077723	19.04	13.99	7.77
1790077728	19.59	14.19	7.87
1790077733	18.82	14.12	7.88
1790077738	19.72	14.38	8.00
1790077743	19.66	14.46	8.06
1790077751	19.05	14.42	8.08
1790077756	18.96	14.48	8.13
1790077761	18.65	14.49	8.17
1790077766	19.00	14.63	8.25
1790077771	19.16	14.73	8.32
1790077776	19.30	14.84	8.39
1790077784	18.96	14.84	8.42
1790077789	18.88	14.89	8.48
1790077794	18.33	14.85	8.50
1790077799	18.70	14.98	8.57
1790077804	18.33	14.97	8.60
1790077809	17.74	14.90	8.62
1790077814	17.76	14.95	8.67
1790077821	17.38	14.92	8.69
1790077826	17.27	14.94	8.73
1790077831	16.77	14.87	8.74
1790077836	16.71	14.89	8.78
1790077841	16.73	14.93	8.83
1790077846	16.67	14.94	8.86
1790077854	16.06	14.84	8.86
1790077859	15.57	14.76	8.87
1790077864	14.88	14.63	8.86
1790077869	14.33	14.52	8.86
1790077874	14.47	14.55	8.89
1790077879	14.51	14.56	8.93
1790077884	14.47	14.55	8.95
1790077892	14.35	14.52	8.98
1790077897	14.40	14.53	9.01
1790077902	14.13	14.47	9.02
1790077907	13.72	14.38	9.02
1790077912	14.30	14.49	9.08
1790077917	13.72	14.37	9.07
1790077925	13.26	14.26	9.07
1790077930	13.80	14.36	9.13
1790077935	14.14	14.42	9.17
1790077940	14.45	14.48	9.22
1790077945	14.73	14.53	9.27
1790077950	14.91	14.58	9.31
1790077955	14.52	14.50	9.32
1790077962	14.16	14.42	9.32
1790077967	17.11	15.03	9.54
1790077972	18.78	15.41	9.70
1790077977	19.28	15.57	9.78
1790077982	18.70	15.51	9.79
1790077987	18.32	15.49	9.81
1790077995	17.97	15.46	9.84
1790078000	17.41	15.39	9.84
1790078005	17.38	15.41	9.88
1790078010	17.19	15.41	9.91
1790078015	16.85	15.37	9.93
1790078020	16.31	15.28	9.93
1790078028	16.84	15.41	10.00
1790078033	16.45	15.35	10.01
1790078038	15.94	15.26	10.01
1790078043	16.74	15.44	10.09
1790078048	16.20	15.35	10.09
1790078053	15.55	15.23	10.08
1790078058	15.82	15.29	10.13
1790078066	15.60	15.25	10.15
1790078071	14.99	15.13	10.13
1790078076	15.71	15.28	10.21
1790078081	15.33	15.21	10.21
1790078086	14.75	15.09	10.20
1790078091	14.68	15.07	10.22
1790078098	14.79	15.09	10.25
1790078103	14.17	14.95	10.23
1790078108	13.83	14.87	10.23
1790078113	13.53	14.79	10.23
1790078118	13.08	14.67	10.22
1790078123	13.40	14.71	10.26
1790078128	13.85	14.79	10.30
1790078136	13.70	14.74	10.31
1790078141	14.28	14.84	10.37
1790078146	14.10	14.80	10.38
1790078151	14.09	14.78	10.40
1790078156	14.64	14.89	10.46
1790078161	14.59	14.87	10.47
1790078169	14.54	14.86	10.49
1790078174	14.98	14.94	10.55
1790078179	14.50	14.84	10.54
1790078184	14.70	14.88	10.57
1790078189	14.49	14.83	10.58
1790078194	14.13	14.75	10.58
1790078199	14.44	14.80	10.62
1790078207	14.40	14.79	10.64
1790078212	13.89	14.68	10.62
1790078217	13.74	14.63	10.63
1790078222	14.08	14.69	10.67
1790078227	13.59	14.58	10.65
1790078232	13.79	14.60	10.68
1790078239	14.52	14.74	10.75
1790078244	14.48	14.73	10.77
1790078249	14.52	14.73	10.79
1790078254	14.96	14.82	10.84
1790078259	15.13	14.86	10.87
1790078264	14.64	14.76	10.86
1790078269	14.50	14.73	10.87
1790078277	15.75	14.98	10.98
1790078282	16.73	15.20	11.07
1790078287	15.95	15.06	11.05
1790078292	15.63	15.01	11.05
1790078297	15.10	14.91	11.04
1790078302	15.65	15.03	11.10
1790078310	14.96	14.90	11.08
1790078315	14.56	14.82	11.07
1790078320	15.08	14.92	11.13
1790078325	15.15	14.94	11.15
1790078330	14.74	14.85	11.15
1790078335	14.68	14.84	11.16
1790078342	14.87	14.88	11.19
1790078347	14.72	14.85	11.20
1790078352	14.42	14.78	11.20
1790078357	14.38	14.77	11.22
1790078362	14.43	14.77	11.24
1790078367	14.32	14.74	11.25
1790078372	14.29	14.73	11.26
1790078380	14.43	14.75	11.29
