CSI6-selftest	0	18	416eb901645d78d4af436e0aad156bad2ba2f800b7d730d7f526df612f45e65c	<scratch>/runs/CSI6-selftest.json
CSI6-framework	0	0	a7e3eb1abf106f6f1ce8ffe5c3b7e512e133e01be953690887c7199115370e8a	<scratch>/runs/CSI6-CSI-check-framework.json
CSI6-4.1.5	3	4	0cbd546f0cac8374934b658dde7f5cbb94e4b9ffcc1d43c53079686059e6d290	<scratch>/runs/CSI6-CSI-check-release-4.1.5.json
CSI6-4.1.2	2	0	ea2f6b5d4c54ae67dd8f5b60da96207db8fb6ea752f228f46521a6854fc69677	<scratch>/runs/CSI6-CSI-check-legacy-4.1.2.json
CSI6-4.1.3	2	1	694069d819dcda5a70170830cdef37b4ec9ca0a6afc58e0f88b77ee35d4898f9	<scratch>/runs/CSI6-CSI-check-legacy-4.1.3.json
CSI6-4.1.4	2	0	d7a27eaeebefa872342fd71d7423d4f22dc685a55a3e41d5d2ee07c83522c317	<scratch>/runs/CSI6-CSI-check-legacy-4.1.4.json
P4r6	0	0	1687990714f935d27be3a41848534817c93923b4c3ab882aecf6bff1b8a419cb	<scratch>/runs/P4r6-conformance-oracle.json
DA03r6	0	4	433cc59469d1887c70fe7b792d7ce5c3bed8d648c6aaf7120ac1a9e7e1906b17	<scratch>/runs/DA03r6-oracle-regression-sensitivity.json
FA6-run1	0	1	1c09e196e43f157edb72336cee960f0ce1b32505d265914a693a467760bd4a1d	<scratch>/runs/FA6-first-admission.json
FA6-run2	0	1	1c09e196e43f157edb72336cee960f0ce1b32505d265914a693a467760bd4a1d	<scratch>/runs/FA6-first-admission.run2.json
CON6	0	5	11b6f90a51648b350404acb47c59bd156f09731e1ad7ac1cc57978af5b65e1f8	<scratch>/runs/CON6-first-hand-constitutional-content.json
SRC6-run1	0	2	91a73253d6df6a647e3dba625083a254b59cafe1e0b88bf5d639e8f73e14fde5	<scratch>/runs/SRC6-source-identity-v2.json
SRC6-run2	0	2	91a73253d6df6a647e3dba625083a254b59cafe1e0b88bf5d639e8f73e14fde5	<scratch>/runs/SRC6-source-identity-v2.run2.json
ADM6	0	1	f959af22e6812eb24012d28da85cd93f5ce1fb5034d5860b715494d277eb7f28	<scratch>/runs/ADM6-admission-transactions.json
UW6	0	0	cd0acd34eb6f2432507aa99f6143ef23e9b40c22321244a007b7ab5b61a5a731	<scratch>/runs/UW6-user-writable-install.json
ATTR6	0	0	284b3eea2d037eeb8eccee8374424e23151673971cf2a66db6bd0282280d9774	<scratch>/runs/ATTR6-gitattributes-condition.json
ENV6-run1	0	1	6d391b4edd080d1925e45477c2385d9deda8963e31f3c31a2f2ee56003e18def	<scratch>/runs/ENV6-build-environment.json
ENV6-run2	0	0	6d391b4edd080d1925e45477c2385d9deda8963e31f3c31a2f2ee56003e18def	<scratch>/runs/ENV6-build-environment.run2.json
DA07r6	0	0	3a22939960dba1891d9a95349ea8d25eed78deeabbeb6e85da6753f0a266cbbd	<scratch>/runs/DA07r6-plan-regression-detection.json
CS6	0	221	ac8e5fd8792d827fcc9f800790819a3d32a74061c6eb35262f1422773c5a6cc6	<scratch>/runs/CS6-derivation-calculator.json
REGISTER-CHECK	0	0	b9ebc9f4f419d0f988e6ac937e5b0009cd1d3b5f9bacbc06168112dc47b4c390	<scratch>/runs/REGISTER-CHECK.json
STATEMENTS-CHECK	0	1	2d18aeacf40c37a2065dd4d152a9ff54c5f1b02c3f301837b156df901d81d65d	<scratch>/runs/STATEMENTS-CHECK.json
STATEMENTS-CHECK-rerunCS6	0	0	7b1bdb130f90d9714828bdc19094aa62f49b49c64c7f7d93336233241c86fe9d	<scratch>/runs/STATEMENTS-CHECK.rerun-cs6.json
P4r5	0	0	7db5dbc13318389beedc344336fbbdd850502d162eaa4b2c4e7f30978373d8f2	<scratch>/runs/P4r5-conformance-oracle.json
DA03r5	0	2	c2693af480e611496f49c53b4447f122687fc5dcf1c184b88ce3e04b8c7ce454	<scratch>/runs/DA03r5-oracle-regression-sensitivity.json
FA5	0	0	c0b951998946bfaab31832af5ac57882aa75c83d8808f61e4eae88c7743ade29	<scratch>/runs/FA5-first-admission.stdout.json
REG5	0	11	855292a5dbf1040ef69635d158ccef146a48cef24fe1f92e05edfbdc0022aff8	<scratch>/runs/REG5-release-scoped-registration.json
P1r4	0	7	15b537a0264a52b123d8cc6c5a138da304f449e7190851c7d588b67f49409295	<scratch>/runs/P1r4-project-strength-and-absence.json
CS5	0	42	795fed9370b8061039c81908ecdc498f99ca632a43deeac41867a00dfb9024a1	<scratch>/runs/CS5-tcb-capability-sets.json
DONE
