CS7	0	88	e655e22e821e8c72b34c8d1c7b30f9237a23148a43d2b8ecdb01aff7cead755d	<rerun>/final/export/release/root-of-trust/4.1.6/evidence/r7/CS7-derivation-calculator.json
FA7-run1	0	3	33e3eef20553e332b315b73ba29235cb7c902666de57500baed698220f439d23	<rerun>/final/export/release/root-of-trust/4.1.6/evidence/r7/FA7-first-contact-authority.json
FA7-run2	0	1	33e3eef20553e332b315b73ba29235cb7c902666de57500baed698220f439d23	<rerun>/final/out/FA7-first-contact-authority.run2.json
CUR7	0	0	c54c3ed050140a68dd17591205e3377dee304b970fa2f177006d52c15246df2d	<rerun>/final/export/release/root-of-trust/4.1.6/evidence/r7/CUR7-first-contact-currency.json
ADM7	0	0	8f112fa27451ad09ae8a6bb2840724d0485cea30940817f58c53b9a355429aa1	<rerun>/final/export/release/root-of-trust/4.1.6/evidence/r7/ADM7-admission-stores.json
ENV7	0	4	b08e5df2233cd1da14cfd2adb00fa3af2410bb84b9aa9dceb21046090c417a3d	<rerun>/final/export/release/root-of-trust/4.1.6/evidence/r7/ENV7-environment-authority.json
BA11r7	0	0	74c03fa00d7aa4de005d747588ecb52282d1a25126440cb351f9e26b26784713	<rerun>/final/export/release/root-of-trust/4.1.6/evidence/r7/BA11r7-machine-classes.json
BA12r7	0	1	89c543d79cfc3623f2c106ad5299abc18f363abbfbe9738cf467f6b32d41372e	<rerun>/final/export/release/root-of-trust/4.1.6/evidence/r7/BA12r7-key-subsets-below-threshold.json
PPR7	0	0	b7521d696c67f53b1bb90622c8abb929741190fc99eeced758bbf581e88798a6	<rerun>/final/export/release/root-of-trust/4.1.6/evidence/r7/PPR7-project-records.json
DA05r7	0	1	539e699d1ac3387a3cbcea2c2ff4104a2219596bcbe28c99c48bb02d76693b52	<rerun>/final/export/release/root-of-trust/4.1.6/evidence/r7/DA05r7-combinations-under-CP1.json
DA06r7	0	0	9ad05000ed51e6fdb786acbcc8b31b6f41cbabd74db438fd860f12e5688f8ae4	<rerun>/final/export/release/root-of-trust/4.1.6/evidence/r7/DA06r7-rendering-and-classifier-vocabulary.json
crashmig7	1	0	e3b0c44298fc1c149afbf4c8996fb92427ae41e4649b934ca495991b7852b855	<rerun>/final/export/release/root-of-trust/4.1.6/evidence/r7/LAY7/crashmig7.json
STATEMENTS-CHECK	0	0	90f871790edc12edb5bf7a4a575a1507996a1d299dbf2282d200f8afd2685614	<rerun>/final/export/release/root-of-trust/4.1.6/evidence/r7/STATEMENTS-CHECK.json
PROF7	0	1	e32f4c4d03164929b270b18472da5f63ed547aa7efc1b66ecd8c98cd80ede32e	<rerun>/final/export/release/root-of-trust/4.1.6/evidence/r7/PROF7-profile-conformance.json
REGISTER-CHECK	1	0	e3b0c44298fc1c149afbf4c8996fb92427ae41e4649b934ca495991b7852b855	<rerun>/final/export/release/root-of-trust/4.1.6/evidence/r7/REGISTER-CHECK.json
DA09r7	0	3	24f65fede151b933bccad9ce552e45ffb7ad74ac70c2273ec72ab647ebd5999f	<rerun>/final/export/release/root-of-trust/4.1.6/evidence/r7/DA09r7-schema-fields-versus-register.json
EXAMPLES-rev7	1	0	e3b0c44298fc1c149afbf4c8996fb92427ae41e4649b934ca495991b7852b855	<rerun>/final/out/examples-rev7.stdout
CSI-selftest	0	19	416eb901645d78d4af436e0aad156bad2ba2f800b7d730d7f526df612f45e65c	<rerun>/final/out/retained/CSI6-selftest.json
CSI-framework	0	0	95c2e9764a49422577fd5b3f9a79ed37f0b64c207536959df8de55006b920bca	<rerun>/final/out/retained/CSI6-CSI-check-framework.json
CSI-4.1.5	3	1	c533774cda32fe543ff8b6b75c3422a639bebb2db2c71c920e834ad14e335e63	<rerun>/final/out/retained/CSI6-CSI-check-release-4.1.5.json
CSI-4.1.2	2	0	5707ff63fbd8d00dc1e83b8ce600418bbd7a7e24bc25c169f1b4dd8cadb684c0	<rerun>/final/out/retained/CSI6-CSI-check-legacy-4.1.2.json
CSI-4.1.3	2	0	f30bae16718b8062d1d6bd92796731e1646568ca07395cfc2356ca1d5c9a29a1	<rerun>/final/out/retained/CSI6-CSI-check-legacy-4.1.3.json
CSI-4.1.4	2	1	942ca5aa90fb6669854a9318937f5ce0b35e29c1e7cd8806787586c0e794280a	<rerun>/final/out/retained/CSI6-CSI-check-legacy-4.1.4.json
P4r6	0	0	1687990714f935d27be3a41848534817c93923b4c3ab882aecf6bff1b8a419cb	<rerun>/final/out/retained/P4r6-conformance-oracle.json
CS6	0	332	ac8e5fd8792d827fcc9f800790819a3d32a74061c6eb35262f1422773c5a6cc6	<rerun>/final/out/retained/CS6-derivation-calculator.json
DA03r6	0	5	433cc59469d1887c70fe7b792d7ce5c3bed8d648c6aaf7120ac1a9e7e1906b17	<rerun>/final/out/retained/DA03r6-oracle-regression-sensitivity.json
FA6	0	2	1c09e196e43f157edb72336cee960f0ce1b32505d265914a693a467760bd4a1d	<rerun>/final/out/retained/FA6-first-admission.json
CON6	0	8	11b6f90a51648b350404acb47c59bd156f09731e1ad7ac1cc57978af5b65e1f8	<rerun>/final/out/retained/CON6-first-hand-constitutional-content.json
SRC6	0	2	91a73253d6df6a647e3dba625083a254b59cafe1e0b88bf5d639e8f73e14fde5	<rerun>/final/out/retained/SRC6-source-identity-v2.json
ADM6	0	1	ea0d24b913bb4056e3d377e1669a3e066ddbc9fdb3a46d1f9e4b4a5f5ba38462	<rerun>/final/out/retained/ADM6-admission-transactions.json
UW6	0	0	cd0acd34eb6f2432507aa99f6143ef23e9b40c22321244a007b7ab5b61a5a731	<rerun>/final/out/retained/UW6-user-writable-install.json
ATTR6	0	0	284b3eea2d037eeb8eccee8374424e23151673971cf2a66db6bd0282280d9774	<rerun>/final/out/retained/ATTR6-gitattributes-condition.json
ENV6	0	1	6d391b4edd080d1925e45477c2385d9deda8963e31f3c31a2f2ee56003e18def	<rerun>/final/out/retained/ENV6-build-environment.json
DA07r6	0	1	226bd97c32a73eb905d28f216af65dc76917462b514b00dfff063b23a17bf937	<rerun>/final/out/retained/DA07r6-plan-regression-detection.json
P4r5	0	0	7db5dbc13318389beedc344336fbbdd850502d162eaa4b2c4e7f30978373d8f2	<rerun>/final/out/retained/P4r5-conformance-oracle.json
DA03r5	0	5	c2693af480e611496f49c53b4447f122687fc5dcf1c184b88ce3e04b8c7ce454	<rerun>/final/out/retained/DA03r5-oracle-regression-sensitivity.json
FA5	0	1	c0b951998946bfaab31832af5ac57882aa75c83d8808f61e4eae88c7743ade29	<rerun>/final/out/retained/FA5-first-admission.stdout.json
REG5	0	11	855292a5dbf1040ef69635d158ccef146a48cef24fe1f92e05edfbdc0022aff8	<rerun>/final/out/retained/REG5-release-scoped-registration.json
P1r4	0	11	15b537a0264a52b123d8cc6c5a138da304f449e7190851c7d588b67f49409295	<rerun>/final/out/retained/P1r4-project-strength-and-absence.json
CS5	0	48	795fed9370b8061039c81908ecdc498f99ca632a43deeac41867a00dfb9024a1	<rerun>/final/out/retained/CS5-tcb-capability-sets.json
RV6-B-A01	1	0	e3b0c44298fc1c149afbf4c8996fb92427ae41e4649b934ca495991b7852b855	<rerun>/final/out/r6-probes/RV6-B-A01.json
RV6-B-A02	1	1	e3b0c44298fc1c149afbf4c8996fb92427ae41e4649b934ca495991b7852b855	<rerun>/final/out/r6-probes/RV6-B-A02.json
RV6-B-A03	0	2	1a0580e13e20e700a9085d701bb50c5c7d6bdb8a444cefa1bcc5354dfe10bc76	<rerun>/final/out/r6-probes/RV6-B-A03.json
RV6-B-A04	0	0	1ced3fb5fcc80c74f2e389f4cc179b537f1ef448310ccef2cba5718764087da6	<rerun>/final/out/r6-probes/RV6-B-A04.json
RV6-B-A10	0	9	c6f5eaa1e14989a97e55dd9d3b12f3a51858e8b5d5e4fcdf00fa2c9082c053b0	<rerun>/final/out/r6-probes/RV6-B-A10.json
RV6-B-A11	0	0	1660e79cf05dc7fa65cce49b39b9677680ec674d98795b12c9715fe92d8fed43	<rerun>/final/out/r6-probes/RV6-B-A11.json
RV6-B-A12	0	1	2782932f02e3659ccd0e1b498f044c8f57a843e4f12ce3f957e09cd7b466498a	<rerun>/final/out/r6-probes/RV6-B-A12.json
RV6-D-A01	0	1	49ac5209e1341098d3195db6d6260d69518542304a917ff56a86b810a86d2559	<rerun>/final/out/r6-probes/RV6-D-A01.json
RV6-D-A02	0	0	49681dc5a1e0bde42e070e165051ab0e8d24205f2fa957c38eefdc49c15ac52f	<rerun>/final/out/r6-probes/RV6-D-A02.json
RV6-D-A03	0	15	4469da1cf5cde6aa5561a35b42819964a3af5fc5e2fe388bf2db922025d72d9b	<rerun>/final/out/r6-probes/RV6-D-A03.json
RV6-D-A04	0	0	f81cda6ec6dfa67957eb092ea3ed100cf74a148469bbac02993d26a4bf6b86e0	<rerun>/final/out/r6-probes/RV6-D-A04.json
RV6-D-A05	1	0	e3b0c44298fc1c149afbf4c8996fb92427ae41e4649b934ca495991b7852b855	<rerun>/final/out/r6-probes/RV6-D-A05.json
RV6-D-A06	0	4	62be513141055e0fba344cfb25a4b2f8872da82c7d84383df020ff718dad2138	<rerun>/final/out/r6-probes/RV6-D-A06.json
RV6-D-A07	0	0	dcc70813393ab41b4760235947b3507395532d9c77bc54ec905f62d3f57dd10b	<rerun>/final/out/r6-probes/RV6-D-A07.json
RV6-D-A08	1	1	e3b0c44298fc1c149afbf4c8996fb92427ae41e4649b934ca495991b7852b855	<rerun>/final/out/r6-probes/RV6-D-A08.json
RV6-D-A09	1	0	e3b0c44298fc1c149afbf4c8996fb92427ae41e4649b934ca495991b7852b855	<rerun>/final/out/r6-probes/RV6-D-A09.json
RV6-D-A10	0	0	f9d3b5ea861a96cb75ae12f865f4eba9a51ae754b92505a460eb574bb55f98ae	<rerun>/final/out/r6-probes/RV6-D-A10.json
RV5-B-A01	0	0	469f9d3ca5a65d7bcff251b58b7368da1f0b4a58c0243ad2515bcc88af4b4747	<rerun>/final/out/r5-probes/RV5-B-A01.json
RV5-B-A04	0	89	007d89fe64028adefa38f4abd243a142d70e534e93f27fb03135345c51ac52e7	<rerun>/final/out/r5-probes/RV5-B-A04.json
RV5-B-A05	0	4	6fa4d99ee17f4c43e7f9743e7148b3213ca45043c971cae5591ad1a73bcff0b0	<rerun>/final/out/r5-probes/RV5-B-A05.json
RV5-B-A08	0	0	36a18447995fa22fe94589b92ae73f8e21e9f943016d3937604f87d3c6763704	<rerun>/final/out/r5-probes/RV5-B-A08.json
RV5-B-A09	0	11	a1d90a87f52f71ae601f4bdc9480ab0c1828340a1876a9e08d2b1a0228abbbc0	<rerun>/final/out/r5-probes/RV5-B-A09.json
RV5-B-A12	0	0	1af2220bb36f056679014b3a28ac7484c6a1758f6b1a0ec2efc9b26fe4f5814c	<rerun>/final/out/r5-probes/RV5-B-A12.json
RV5-D-A01	0	4	d791fb089a46e143eea65e42b305eac2f4eb138b9411394bdf6540e89c36f1c9	<rerun>/final/out/r5-probes/RV5-D-A01.json
RV5-D-A03	0	0	c3150ebccf7f190bcc5c5551197183f088e7a24f266d01d802fb26aca74cd3dd	<rerun>/final/out/r5-probes/RV5-D-A03.json
RV5-D-A04	0	1	163069ac31380912b6e742f235832e0f906f6a730cfea9641e069496eecc3cf8	<rerun>/final/out/r5-probes/RV5-D-A04.json
RV5-D-A05	0	3	6586c60f5715b9562af05dacc966247035c988f57107f9982f63186059f9ab03	<rerun>/final/out/r5-probes/RV5-D-A05.json
RV5-D-A07	0	0	637a63a4c1f28fd16ff8adbf8e92f965dfdca8d032cf89424647cd5bf9406860	<rerun>/final/out/r5-probes/RV5-D-A07.json
DA04r7	1	0	e3b0c44298fc1c149afbf4c8996fb92427ae41e4649b934ca495991b7852b855	<rerun>/final/export/release/root-of-trust/4.1.6/evidence/r7/DA04r7-plan-regression-detection.json
DONE
