register6	0	1	d5805f94b6c57ae4eb1958bbadf8cd4b7c2b52306985561980dee0491d201b14
build6	0	2	10cd070044fcce35f465d217112c14e4b8b6aeb8909b03ae3de99b1ac28e9448
gitops6	0	2	57dff8b06c8a7593bc2f8941cb03b915fc78f027f5252d7126caff0a15302fb9
struct6	0	1	caa0b2a8e3666000596cd42d784c0d35ad3409c47705c0adb8982b023ddb5d1c
attrprec6	0	0	3484291b5634e1e89b7101b2ba3e98520c3573db90814fdc9bccdf4e506483e8
admtx6	0	0	49a88ea65c189d650690145ff6fff1386ba7d273083cf82342ddc60b12a4593f
crashmig6	0	19	8d8a1143f0c49c100b613671740e6e9b2fd8df45ba6c2a7c59d94d4f5f50af52
crashmig7	0	27	d46cfce65ebc29a88d36931e369074d387ecb2fcacf5226f4b113c1576e5907d
ADM7	0	0	8f112fa27451ad09ae8a6bb2840724d0485cea30940817f58c53b9a355429aa1
PPR7	0	0	b7521d696c67f53b1bb90622c8abb929741190fc99eeced758bbf581e88798a6
RV6-D-A10	0	0	f9d3b5ea861a96cb75ae12f865f4eba9a51ae754b92505a460eb574bb55f98ae
RV6-D-A07	0	0	dcc70813393ab41b4760235947b3507395532d9c77bc54ec905f62d3f57dd10b
matrix6	0	1382	f1e0073f29fb615646cbeccce9682d6e638b9a069d3243f8d9393376bcdfdc5b
DONE
