RV5-B-A01	0	0	469f9d3ca5a65d7bcff251b58b7368da1f0b4a58c0243ad2515bcc88af4b4747
RV5-B-A04	0	59	007d89fe64028adefa38f4abd243a142d70e534e93f27fb03135345c51ac52e7
RV5-B-A05	0	4	8ed9f5a58802a1da051d2536adc17fdf6ff32c464b47126d6db94f066e8f9f6f
RV5-B-A08	0	0	8bc52e53b422cc66f0fc52905de822ba2ce5a6686f0626124e449b72b577b301
RV5-B-A09	0	5	a1d90a87f52f71ae601f4bdc9480ab0c1828340a1876a9e08d2b1a0228abbbc0
RV5-B-A12	0	0	1af2220bb36f056679014b3a28ac7484c6a1758f6b1a0ec2efc9b26fe4f5814c
RV5-D-A01	0	3	d791fb089a46e143eea65e42b305eac2f4eb138b9411394bdf6540e89c36f1c9
RV5-D-A03	0	0	c3150ebccf7f190bcc5c5551197183f088e7a24f266d01d802fb26aca74cd3dd
RV5-D-A04	0	0	163069ac31380912b6e742f235832e0f906f6a730cfea9641e069496eecc3cf8
RV5-D-A05	0	2	6586c60f5715b9562af05dacc966247035c988f57107f9982f63186059f9ab03
RV5-D-A07	0	0	da34c99c9170e6f40e29cfc8e1459995803519e156a592034fa698403118c796
DONE
