source_document,source_item,carried_by_or_disposition
Contract v3,Governance OS Capability Acceptance Contract — v3,Replaced as working text by Contract v4 (DEC-058); kept unchanged as provenance
Contract v3,Canonical implementation in the Governance OS repository,Contract v4 header + contract.yaml (machine-readable twin); ADR-0002 §5 layout
Contract v3,Contract authority model,Charter v5 §8 precedence; Contract v4 header; DEC-058
Contract v3,Required contract fields per capability,"Contract v4 field set (outcome, acceptance, wave, provider, sources, scenarios, disposition); DEC-058 (one observable check each)"
Contract v3,Relationship between the contract and the governance suite,"Contract v4 CAP-38 (KEPT, wave W1) + CAP-39; W1-26 gov check"
Contract v3,Evidence freshness,"Contract v4 CAP-17, CAP-50; W1-22 validator (hash-checked citations); DEC-036"
Contract v3,Lifecycle,"Contract v4 wave field + Charter v5 §1 (waves, qualification, Release 1; DEC-064)"
Contract v3,GATE A — Constitutional and Trust Foundations,Gate heading; items A1-A5 mapped individually; threat model ADR-0001
Contract v3,A1. Canonical authority and policy precedence,"Contract v4 CAP-01 (KEPT, wave W1); CAP-52 (KEPT, wave W1)"
Contract v3,A2. Authentic root of trust **[POST-VERIFICATION HARDENING]**,"Contract v4 CAP-02 (LITE, wave W1)"
Contract v3,"A3. Security, sensitivity and permissions","Contract v4 CAP-03 (KEPT, wave W1)"
Contract v3,A4. Budget/resource governance,"Contract v4 CAP-04 (KEPT, wave W2)"
Contract v3,A5. Emergency controls,"Contract v4 CAP-05 (KEPT, wave W1)"
Contract v3,"GATE B — Repository Contract, Paths and State",Gate heading; items B1-B3 mapped individually
Contract v3,B1. Standard repository contract,"Contract v4 CAP-06 (KEPT, wave W1)"
Contract v3,B2. Path map,"Contract v4 CAP-06 (KEPT, wave W1)"
Contract v3,B3. Authoritative vs derived state,"Contract v4 CAP-07 (KEPT, wave W1)"
Contract v3,GATE C — Development Knowledge Fabric,Gate heading; items C1-C10 mapped individually
Contract v3,C1. Deterministic structured memory,"Contract v4 CAP-08 (KEPT, wave W1); CAP-51 (KEPT, wave W1)"
Contract v3,C2. Relationship/graph memory,"Contract v4 CAP-09 (KEPT, wave W1)"
Contract v3,C3. Semantic memory,"Contract v4 CAP-10 (KEPT, wave W1)"
Contract v3,C4. Lexical memory,"Contract v4 CAP-11 (KEPT, wave W1)"
Contract v3,C5. Code-structural memory,"Contract v4 CAP-12 (KEPT, wave W1)"
Contract v3,C6. Temporal memory,"Contract v4 CAP-13 (KEPT, wave W1)"
Contract v3,C7. Episodic execution memory,"Contract v4 CAP-13 (KEPT, wave W1)"
Contract v3,C8. Failure memory,"Contract v4 CAP-14 (KEPT, wave W1)"
Contract v3,C9. Working memory/context packet,"Contract v4 CAP-15 (KEPT, wave W1)"
Contract v3,C10. Capability memory,"Contract v4 CAP-25 (LITE, wave W1)"
Contract v3,"GATE D — Indexing, Retrieval and Context",Gate heading; items D1-D6 mapped individually; DEC-080
Contract v3,D1. Incremental indexing/freshness,"Contract v4 CAP-17 (KEPT, wave W1)"
Contract v3,D2. Retrieval router,"Contract v4 CAP-18 (KEPT, wave W1)"
Contract v3,D3. Hierarchical retrieval,"Contract v4 CAP-18 (KEPT, wave W1)"
Contract v3,D4. Component separation,"Contract v4 CAP-19 (KEPT, wave W2)"
Contract v3,D5. Evidence-driven retrieval model selection,"Contract v4 CAP-19 (KEPT, wave W2)"
Contract v3,D6. Rebuild guarantee,"Contract v4 CAP-20 (KEPT, wave W1)"
Contract v3,GATE E — Agent Organisation and Independent Work,Gate heading; items E1-E4 mapped individually; Charter v5 §6
Contract v3,E1. Authority levels,"Contract v4 CAP-21 (LITE, wave W1)"
Contract v3,E2. Representative roles,"Contract v4 CAP-22 (KEPT, wave W2)"
Contract v3,E3. Typed A2A handoffs,"Contract v4 CAP-22 (KEPT, wave W2)"
Contract v3,E4. Concurrency/task claims,"Contract v4 CAP-23 (KEPT, wave W3)"
Contract v3,"GATE F — Skills, Tools, MCP and Capabilities",Gate heading; items F1-F5 mapped individually
Contract v3,F1. Skill lifecycle,"Contract v4 CAP-24 (KEPT, wave W1)"
Contract v3,F2. Tool Capability Registry,"Contract v4 CAP-25 (LITE, wave W1)"
Contract v3,F3. Missing-tool acquisition,"Contract v4 CAP-25 (LITE, wave W1)"
Contract v3,F4. Plugin trust boundary **[POST-VERIFICATION HARDENING]**,Contract v4 CAP-26 (DROP)
Contract v3,F5. MCP/A2A/tool separation,"Contract v4 CAP-27 (LITE, wave W1)"
Contract v3,GATE G — Human Command Surface,Gate heading; items G1-G2 mapped individually
Contract v3,G1. Natural-language intent,"Contract v4 CAP-28 (KEPT, wave W1)"
Contract v3,G2. Small explicit human control set,"Contract v4 CAP-28 (KEPT, wave W1)"
Contract v3,GATE H — Specification and Readiness,Gate heading; items H1-H4 mapped individually; readiness-dimensions.yaml; MR-1
Contract v3,H1. SPEC lineage,"Contract v4 CAP-29 (KEPT, wave W3)"
Contract v3,H2. 26-dimension Feature/Capability Readiness Contract,"Contract v4 CAP-30 (KEPT, wave W2)"
Contract v3,H3. Readiness generates work,"Contract v4 CAP-30 (KEPT, wave W2)"
Contract v3,H4. Scenarios drive data/tests,"Contract v4 CAP-30 (KEPT, wave W2)"
Contract v3,GATE I — Dynamic Work System,Gate heading; items I1-I4 mapped individually; MR-2
Contract v3,I1. Unified task DAG,"Contract v4 CAP-31 (KEPT, wave W1)"
Contract v3,I2. Task contract,"Contract v4 CAP-31 (KEPT, wave W1)"
Contract v3,I3. Dynamic generation,"Contract v4 CAP-31 (KEPT, wave W1)"
Contract v3,I4. Parallel execution,"Contract v4 CAP-31 (KEPT, wave W1)"
Contract v3,GATE J — Research and Experimentation,Gate heading; items J1-J2 mapped individually
Contract v3,J1. Research becomes evidence,"Contract v4 CAP-32 (KEPT, wave W3)"
Contract v3,J2. Experiment lifecycle,"Contract v4 CAP-32 (KEPT, wave W3)"
Contract v3,GATE K — Change Control and Impact,Gate heading; items K1-K4 mapped individually; MR-4
Contract v3,K1. CIT-P,"Contract v4 CAP-33 (KEPT, wave W2)"
Contract v3,K2. CIT-E,"Contract v4 CAP-33 (KEPT, wave W2)"
Contract v3,K3. Automatic impact simulation,"Contract v4 CAP-33 (KEPT, wave W2)"
Contract v3,K4. Impact radius,"Contract v4 CAP-33 (KEPT, wave W2)"
Contract v3,GATE L — Human Decision Gates and Contradictions,Gate heading; items L1-L4 mapped individually; MR-6
Contract v3,L1. Contradiction resolution,"Contract v4 CAP-34 (KEPT, wave W1); CAP-51 (KEPT, wave W1)"
Contract v3,L2. Human Decision Gate package,"Contract v4 CAP-34 (KEPT, wave W1)"
Contract v3,L3. Gate presentation,"Contract v4 CAP-34 (KEPT, wave W1)"
Contract v3,L4. Non-global blocking,"Contract v4 CAP-34 (KEPT, wave W1)"
Contract v3,GATE M — Model Routing,Gate heading; items M1-M4 mapped individually
Contract v3,M1. T0-T3 or equivalent capability tiers,"Contract v4 CAP-35 (KEPT, wave W3)"
Contract v3,M2. Reasoning requirement,"Contract v4 CAP-35 (KEPT, wave W3)"
Contract v3,M3. Role defaults,"Contract v4 CAP-35 (KEPT, wave W3)"
Contract v3,M4. Empirical routing,"Contract v4 CAP-36 (KEPT, wave W3)"
Contract v3,"GATE N — Checkpoints, Compaction and Handoffs",Gate heading; items N1-N4 mapped individually
Contract v3,N1. Structured checkpoint,"Contract v4 CAP-37 (KEPT, wave W1)"
Contract v3,N2. Mandatory triggers,"Contract v4 CAP-37 (KEPT, wave W1)"
Contract v3,N3. Provider-independent checkpoint watchdog,"Contract v4 CAP-37 (KEPT, wave W1)"
Contract v3,N4. Worker return contract,"Contract v4 CAP-37 (KEPT, wave W1)"
Contract v3,GATE O — Verification and Continuous Governance Health,Gate heading; items O1-O5 mapped individually; MR-3
Contract v3,O1. Product test families,"Contract v4 CAP-38 (KEPT, wave W1)"
Contract v3,O2. Governance test families,"Contract v4 CAP-38 (KEPT, wave W1)"
Contract v3,O3. Independent test authorship,"Contract v4 CAP-38 (KEPT, wave W1)"
Contract v3,O4. Governance suite currency,"Contract v4 CAP-38 (KEPT, wave W1)"
Contract v3,O5. Governance Health Scheduler **[NEW EXECUTION REFINEMENT]**,"Contract v4 CAP-39 (KEPT, wave W3)"
Contract v3,GATE P — Observability and Telemetry,Gate heading; items P1-P2 mapped individually; DEC-086
Contract v3,P1. Execution telemetry,"Contract v4 CAP-40 (KEPT, wave W1)"
Contract v3,P2. Organisational questions,"Contract v4 CAP-40 (KEPT, wave W1)"
Contract v3,"GATE Q — Learning, Lessons and Upstream Improvement","Gate heading; Q1-Q3 -> CAP-41; Q4 upstream export -> DROP (non-goal, DEC-053 Q7; Charter v5 §7)"
Contract v3,Q1. Lesson lifecycle,"Contract v4 CAP-41 (KEPT, wave W1)"
Contract v3,Q2. Decision vs lesson,"Contract v4 CAP-41 (KEPT, wave W1)"
Contract v3,Q3. PROJECT/PRODUCT/FRAMEWORK scope,"Contract v4 CAP-41 (KEPT, wave W1)"
Contract v3,Q4. Upstream Export Gate,"DROP — upstream lesson export / FCP loop is a non-goal (DEC-053 Q7; Charter v5 §7); lessons stay in docs/lessons (Contract v4 CAP-41, KEPT, wave W1)"
Contract v3,"GATE R — Legacy, Archive and Historical State",Gate heading; items R1-R3 mapped individually
Contract v3,R1. Legacy Governance Retirement,"Contract v4 CAP-42 (KEPT, wave W1)"
Contract v3,R2. Chat-memory retirement,"Contract v4 CAP-42 (KEPT, wave W1)"
Contract v3,R3. Archive policy,"Contract v4 CAP-42 (KEPT, wave W1)"
Contract v3,"GATE S — Release, Distribution, Init, Adopt and Update",Gate heading; items S1-S6 mapped individually
Contract v3,S1. Canonical OS repo,"Contract v4 CAP-43 (KEPT, wave W1)"
Contract v3,S2. Immutable releases,"Contract v4 CAP-43 (KEPT, wave W1)"
Contract v3,S3. `gov init`,"Contract v4 CAP-44 (KEPT, wave W1)"
Contract v3,S4. `gov adopt`,"Contract v4 CAP-44 (KEPT, wave W1)"
Contract v3,S5. `gov update`,"Contract v4 CAP-45 (KEPT, wave W2)"
Contract v3,S6. Cross-machine mechanics,"Contract v4 CAP-46 (KEPT, wave W1)"
Contract v3,GATE T — Independent Adoption and Audit Roles,Gate heading; items T1-T3 mapped individually; MR-4
Contract v3,T1. Role separation,"Contract v4 CAP-47 (KEPT, wave W3)"
Contract v3,T2. Fresh-session independence,"Contract v4 CAP-47 (KEPT, wave W3)"
Contract v3,T3. Adoption evidence tree,"Contract v4 CAP-47 (KEPT, wave W3)"
Contract v3,GATE U — Framework Health SLOs,"Contract v4 CAP-48 (KEPT, wave W3); governance-share SLO in Contract v4 §2 (DEC-004, DEC-086)"
Contract v3,GATE V — Qualification Oracle **[NEW TESTING REFINEMENT]**,"Contract v4 CAP-49 (KEPT as qualification, wave W3; DEC-067)"
Contract v3,V1. Fault manifest,"Contract v4 CAP-49 (KEPT, wave W3)"
Contract v3,V2. Hidden path-map oracle,"Contract v4 CAP-49 (KEPT, wave W3)"
Contract v3,V3. Hidden memory oracle,"Contract v4 CAP-49 (KEPT, wave W3)"
Contract v3,V4. Quantitative qualification scoring,"Contract v4 CAP-49 (KEPT, wave W3)"
Contract v3,"GATE W — Artifact Flow, Dependency Consumption and End-to-End Traceability",Gate heading; items W1-W12 mapped individually
Contract v3,W1. Stable artefact identity,"Contract v4 CAP-50 (KEPT, wave W3)"
Contract v3,W2. Typed output → input contracts,"Contract v4 CAP-50 (KEPT, wave W3)"
Contract v3,W3. Mandatory task-input manifest,"Contract v4 CAP-50 (KEPT, wave W3)"
Contract v3,W4. Context compiler delivery proof,"Contract v4 CAP-15 (KEPT, wave W1); CAP-50 (KEPT, wave W3)"
Contract v3,W5. Consumption receipt and implementation traceability,"Contract v4 CAP-50 (KEPT, wave W3)"
Contract v3,W6. Upstream-change staleness propagation,"Contract v4 CAP-50 (KEPT, wave W3)"
Contract v3,W7. Orphan/dead-output and unexplained-output detection,"Contract v4 CAP-50 (KEPT, wave W3)"
Contract v3,W8. Forward and reverse lineage,"Contract v4 CAP-50 (KEPT, wave W3)"
Contract v3,W9. Session/handoff continuity of mandatory inputs,"Contract v4 CAP-15 (KEPT, wave W1); CAP-50 (KEPT, wave W3)"
Contract v3,W10. Deterministic mandatory inputs outrank retrieval,"Contract v4 CAP-15 (KEPT, wave W1); CAP-50 (KEPT, wave W3)"
Contract v3,W11. Artifact-flow quantitative health,"Contract v4 CAP-50 (KEPT, wave W3)"
Contract v3,W12. Health-scheduler integration,"Contract v4 CAP-50 (KEPT, wave W3)"
Contract v3,PRE-ADVANCED-QUALIFICATION ACCEPTANCE GATE,"Replaced by wave exits + independent wave-exit audit + qualification (Charter v5 §1; WAVE_1_WBS §4; DEC-064, DEC-067, DEC-070)"
Contract v3,PROPOSED ORDER AFTER THIS CHECKLIST IS ACCEPTED,Superseded by the three-wave plan and one release (DEC-064); sequence in architecture v0.3 §7 and DEC-082
Framework v4.1.2,0. Executive Definition,Charter v5 §1 purpose and scope
Framework v4.1.2,"1. The organisation, not the conversation, owns continuity","Charter v5 §3 principle 1 + MR-5; Contract v4 CAP-07, CAP-37"
Framework v4.1.2,2. Authority precedence,"Contract v4 CAP-01 (KEPT, wave W1); CAP-51 (KEPT, wave W1)"
Framework v4.1.2,3. State classes,Contract v4 CAP-07 (authoritative vs derived) + CAP-08; record schemas W1-08 (DEC-046 state_class convention)
Framework v4.1.2,4. The framework is model-agnostic,"Contract v4 CAP-52 (KEPT, wave W1)"
Framework v4.1.2,"5. The framework is self-observing and self-improving, not uncontrolled self-modifying","Contract v4 CAP-40, CAP-41, CAP-48; upstream self-modification loop DROP (DEC-053 Q7)"
Framework v4.1.2,6. High-level architecture,ADR-0002 §1 layers (architecture v0.3 §2.1 as amended)
Framework v4.1.2,7. The constitutional systems,"Contract v4 CAP-54 (KEPT, wave W1)"
Framework v4.1.2,8. Standard top-level structure,"Contract v4 CAP-06 (KEPT, wave W1)"
Framework v4.1.2,9. Repository Contract and Path Map,"Contract v4 CAP-06 (KEPT, wave W1)"
Framework v4.1.2,10. Memory architecture,"Contract v4 CAP-07 (KEPT, wave W1)"
Framework v4.1.2,11. Required memory classes,"Contract v4 CAP-08 (KEPT, wave W1); CAP-09 (KEPT, wave W1); CAP-10 (KEPT, wave W1); CAP-11 (KEPT, wave W1); CAP-12 (KEPT, wave W1); CAP-13 (KEPT, wave W1); CAP-14 (KEPT, wave W1); CAP-25 (LITE, wave W1)"
Framework v4.1.2,12. The databases do not each own a separate repository copy,"Contract v4 CAP-07 (KEPT, wave W1)"
Framework v4.1.2,13. Incremental indexing and freshness,"Contract v4 CAP-17 (KEPT, wave W1)"
Framework v4.1.2,14. Retrieval routing,"Contract v4 CAP-10 (KEPT, wave W1); CAP-18 (KEPT, wave W1); CAP-19 (KEPT, wave W2)"
Framework v4.1.2,15. Context packet,"Contract v4 CAP-15 (KEPT, wave W1)"
Framework v4.1.2,16. Memory security boundaries,"Contract v4 CAP-03 (KEPT, wave W1)"
Framework v4.1.2,17. Memory regression tests,Contract v4 CAP-38 + CAP-55 canaries (W1-22) + CAP-20 rebuild digest; qualification CAP-49
Framework v4.1.2,18. Retrieval learning loop,"Contract v4 CAP-19 (W2) + per-repository retrieval benchmark (W3, WAVE_1_WBS §7)"
Framework v4.1.2,19. Rebuild guarantee,"Contract v4 CAP-07 (KEPT, wave W1); CAP-20 (KEPT, wave W1)"
Framework v4.1.2,20. Canonical policy layer,Charter v5 §3 principle 3 (governance is code; DEC-003) + W1-26 enforcement map (every policy key maps to a check; DEC-046)
Framework v4.1.2,21. Policy hierarchy,"Contract v4 CAP-01 (KEPT, wave W1)"
Framework v4.1.2,22. Model/provider adapters,"Contract v4 CAP-52 (KEPT, wave W1)"
Framework v4.1.2,23. Authority levels,"Contract v4 CAP-21 (LITE, wave W1)"
Framework v4.1.2,24. Representative roles,"Contract v4 CAP-22 (KEPT, wave W2)"
Framework v4.1.2,25. Typed A2A handoffs,"Contract v4 CAP-22 (KEPT, wave W2)"
Framework v4.1.2,26. Skills are methods,"Contract v4 CAP-24 (KEPT, wave W1)"
Framework v4.1.2,27. Skill lifecycle,"Contract v4 CAP-24 (KEPT, wave W1)"
Framework v4.1.2,28. Tools are first-class governed capabilities,"Contract v4 CAP-25 (LITE, wave W1)"
Framework v4.1.2,29. Tool Capability Registry,"Contract v4 CAP-25 (LITE, wave W1)"
Framework v4.1.2,30. Tool discovery and installation policy,"Contract v4 CAP-25 (LITE, wave W1)"
Framework v4.1.2,31. MCP architecture,"Contract v4 CAP-27 (LITE, wave W1)"
Framework v4.1.2,32. Tool permissions,Contract v4 CAP-25 LITE (DEC-083 install rule) + CAP-58 guard; ADR-0001
Framework v4.1.2,33. Natural language is the primary human interface,"Contract v4 CAP-28 (KEPT, wave W1)"
Framework v4.1.2,34. Small human-facing command set,"Contract v4 CAP-28 (KEPT, wave W1)"
Framework v4.1.2,35. Internal governance operations,ADR-0002 §1 L4 gov command set; Contract v4 CAP-28
Framework v4.1.2,36. SPEC is the engineering contract,"Contract v4 CAP-29 (KEPT, wave W3); CAP-50 (KEPT, wave W3)"
Framework v4.1.2,37. Feature/Capability Readiness Contract,"Contract v4 CAP-30 (KEPT, wave W2); CAP-50 (KEPT, wave W3)"
Framework v4.1.2,38. Readiness generates work,"Contract v4 CAP-30 (KEPT, wave W2); CAP-50 (KEPT, wave W3)"
Framework v4.1.2,39. Scenarios drive data and tests,"Contract v4 CAP-30 (KEPT, wave W2)"
Framework v4.1.2,40. Standard capability taxonomy,readiness-dimensions.yaml capability_types (STANDARD profile rows; DEC-085)
Framework v4.1.2,"41. One task system, many task classes","Contract v4 CAP-31 (KEPT, wave W1)"
Framework v4.1.2,42. Task contract,"Contract v4 CAP-31 (KEPT, wave W1)"
Framework v4.1.2,43. Dynamic task generation,"Contract v4 CAP-31 (KEPT, wave W1)"
Framework v4.1.2,44. Parallel and serial execution,"Contract v4 CAP-23 (KEPT, wave W3); CAP-31 (KEPT, wave W1)"
Framework v4.1.2,45. Research must become evidence,"Contract v4 CAP-32 (KEPT, wave W3)"
Framework v4.1.2,46. Discovery flow,"Contract v4 CAP-32 (KEPT, wave W3)"
Framework v4.1.2,47. Change-Impact Transaction,"Contract v4 CAP-33 (KEPT, wave W2)"
Framework v4.1.2,48. Automatic impact simulation,"Contract v4 CAP-33 (KEPT, wave W2)"
Framework v4.1.2,49. Impact radius,"Contract v4 CAP-33 (KEPT, wave W2)"
Framework v4.1.2,50. Agent-resolvable versus human-resolvable contradictions,"Contract v4 CAP-34 (KEPT, wave W1)"
Framework v4.1.2,51. Human-gate examples,"Contract v4 CAP-34 (KEPT, wave W1)"
Framework v4.1.2,52. Human questions must appear in the active chat,"Contract v4 CAP-34 (KEPT, wave W1)"
Framework v4.1.2,53. Do not globally stop when one branch needs the human,"Contract v4 CAP-34 (KEPT, wave W1)"
Framework v4.1.2,54. Decision prioritisation,"Contract v4 CAP-34 (KEPT, wave W1)"
Framework v4.1.2,55. Capability tiers,"Contract v4 CAP-35 (KEPT, wave W3)"
Framework v4.1.2,56. Reasoning requirement,"Contract v4 CAP-35 (KEPT, wave W3)"
Framework v4.1.2,57. Role defaults,"Contract v4 CAP-35 (KEPT, wave W3)"
Framework v4.1.2,58. Empirical model routing,"Contract v4 CAP-36 (KEPT, wave W3)"
Framework v4.1.2,59. Checkpoint policy,"Contract v4 CAP-37 (KEPT, wave W1)"
Framework v4.1.2,60. Checkpoint triggers,"Contract v4 CAP-37 (KEPT, wave W1)"
Framework v4.1.2,61. Spawned-agent return contract,"Contract v4 CAP-37 (KEPT, wave W1)"
Framework v4.1.2,62. Product verification,"Contract v4 CAP-38 (KEPT, wave W1); CAP-39 (KEPT, wave W3)"
Framework v4.1.2,63. Governance verification,"Contract v4 CAP-38 (KEPT, wave W1); CAP-39 (KEPT, wave W3)"
Framework v4.1.2,64. Governance suite currency,"Contract v4 CAP-38 (KEPT, wave W1); CAP-39 (KEPT, wave W3)"
Framework v4.1.2,65. Organisational telemetry,"Contract v4 CAP-40 (KEPT, wave W1)"
Framework v4.1.2,66. Questions telemetry should answer,"Contract v4 CAP-40 (KEPT, wave W1)"
Framework v4.1.2,67. Lesson lifecycle,"Contract v4 CAP-41 (KEPT, wave W1)"
Framework v4.1.2,68. Decision versus lesson,"Contract v4 CAP-41 (KEPT, wave W1); CAP-51 (KEPT, wave W1)"
Framework v4.1.2,69. Legacy Governance Retirement Protocol,"Contract v4 CAP-42 (KEPT, wave W1)"
Framework v4.1.2,70. Raw chat databases,"Contract v4 CAP-42 (KEPT, wave W1)"
Framework v4.1.2,71. Archive policy,"Contract v4 CAP-42 (KEPT, wave W1)"
Framework v4.1.2,72. Security and sensitivity,"Contract v4 CAP-03 (KEPT, wave W1)"
Framework v4.1.2,73. Budget/resource policy,"Contract v4 CAP-04 (KEPT, wave W2)"
Framework v4.1.2,74. Emergency controls,"Contract v4 CAP-05 (KEPT, wave W1)"
Framework v4.1.2,75. Suggested health SLOs,"Contract v4 CAP-48 (KEPT, wave W3)"
Framework v4.1.2,76. Definition of a healthy repository,"Contract v4 CAP-48 (KEPT, wave W3)"
Framework v4.1.2,75A. The framework is developed once as a product,"Contract v4 CAP-43 (KEPT, wave W1)"
Framework v4.1.2,"75B. Product repositories are consumers, not framework-development branches","Contract v4 CAP-02 (LITE, wave W1); CAP-43 (KEPT, wave W1)"
Framework v4.1.2,75C. Release certification,"Contract v4 CAP-02 (LITE, wave W1); CAP-43 (KEPT, wave W1)"
Framework v4.1.2,75D. Immutable releases and semantic versioning,"Contract v4 CAP-02 (LITE, wave W1); CAP-43 (KEPT, wave W1)"
Framework v4.1.2,75E. Lessons flow upstream selectively,"DROP — upstream lesson export / FCP loop is a non-goal (DEC-053 Q7; Charter v5 §7); lessons stay in docs/lessons (Contract v4 CAP-41, KEPT, wave W1)"
Framework v4.1.2,75F. Upstream lesson packet,"DROP — upstream lesson export / FCP loop is a non-goal (DEC-053 Q7; Charter v5 §7); lessons stay in docs/lessons (Contract v4 CAP-41, KEPT, wave W1)"
Framework v4.1.2,75G. Upstream Export Gate,"DROP — upstream lesson export / FCP loop is a non-goal (DEC-053 Q7; Charter v5 §7); lessons stay in docs/lessons (Contract v4 CAP-41, KEPT, wave W1)"
Framework v4.1.2,75H. Framework learning and releases,Contract v4 CAP-41 (lessons in docs/lessons) + CAP-43; upstream learning DROP (DEC-053 Q7)
Framework v4.1.2,77. Two official onboarding modes,"Contract v4 CAP-44 (KEPT, wave W1)"
Framework v4.1.2,78. Greenfield `gov init`,"Contract v4 CAP-44 (KEPT, wave W1)"
Framework v4.1.2,"79. Brownfield `gov adopt`: path-first, memory-safe migration","Contract v4 CAP-44 (KEPT, wave W1)"
Framework v4.1.2,80. Project overlay versus installed kernel,"ADR-0002 §5 (governance/kernel vs governance/project); DEC-060; Contract v4 CAP-44, CAP-45"
Framework v4.1.2,81. Local derived runtime,"Contract v4 CAP-07, CAP-20; ADR-0002 §1 L6 (.gov-runtime/)"
Framework v4.1.2,82. `gov update`,"Contract v4 CAP-45 (KEPT, wave W2)"
Framework v4.1.2,83. Multi-machine operation,"Contract v4 CAP-46 (KEPT, wave W1)"
Framework v4.1.2,79. Example: discover → impact → approve,"Contract v4 CAP-44 (KEPT, wave W1)"
Adoption Protocol v3.0,"Governance OS Adoption, Migration & Independent Audit Protocol","Carried by Contract v4 CAP-42, CAP-44, CAP-47, CAP-54 and W1-41; original kept as provenance (DEC-058)"
Adoption Protocol v3.0,1. Governing precedence,Charter v5 §8 precedence
Adoption Protocol v3.0,2. Fundamental sequence,"Contract v4 CAP-44 (KEPT, wave W1)"
Adoption Protocol v3.0,3. Role separation,"Contract v4 CAP-44 (KEPT, wave W1); CAP-47 (KEPT, wave W3)"
Adoption Protocol v3.0,Conditional Recovery Role — Interrupted Repository Recovery Agent,Contract v4 CAP-37 checkpoints/resume + CAP-05 pause; checkpoint/resume skill W1-36
Adoption Protocol v3.0,Role A — Adoption Auditor/Planner,Contract v4 CAP-44 (W1-41 adopt skill and command); role roster W3 (CAP-47)
Adoption Protocol v3.0,Role B — Independent Migration Reviewer & Test Author,MR-3 Independent Test Designer (W1-33) + CAP-47 (W3)
Adoption Protocol v3.0,Role C — Migration/Adoption Executor,Engineer role (W1-33) running W1-41 adopt --lite
Adoption Protocol v3.0,Role D — Independent Migration Verifier,"Contract v4 CAP-47 (KEPT, wave W3); independent auditor role W1-33"
Adoption Protocol v3.0,Role E — Memory Foundation Engineer,Contract v4 CAP-20 rebuild + W1-27; memory/knowledge role W3 (DEC-066)
Adoption Protocol v3.0,Role F — Independent Memory Verifier/Test Author,Contract v4 CAP-47 (W3) + qualification memory oracle CAP-49
Adoption Protocol v3.0,Role G — Independent Full v4 Auditor,"MR-4 Independent Auditor (W1-33, W1-43); CAP-47"
Adoption Protocol v3.0,Role H — Operator/CTO,Charter v5 §6 owner as L5 customer (MR-6) + operator console until Release 1 (DEC-073)
Adoption Protocol v3.0,4. Conditional interrupted-session recovery and freeze,"Contract v4 CAP-44 (KEPT, wave W1)"
Adoption Protocol v3.0,5. Adoption evidence tree,"Contract v4 CAP-44 (KEPT, wave W1)"
Adoption Protocol v3.0,6. A1 — Cold deterministic repository inventory,"Contract v4 CAP-44 (KEPT, wave W1)"
Adoption Protocol v3.0,7. A2 — Classification,"Contract v4 CAP-44 (KEPT, wave W1)"
Adoption Protocol v3.0,8. A3 — Target path map,"Contract v4 CAP-06 (KEPT, wave W1); CAP-44 (KEPT, wave W1)"
Adoption Protocol v3.0,9. A4 — Adoption/migration plan,"Contract v4 CAP-44 (KEPT, wave W1)"
Adoption Protocol v3.0,10. B — Independent migration review and test authoring,"Contract v4 CAP-44 (KEPT, wave W1)"
Adoption Protocol v3.0,11. C — Controlled migration execution,"Contract v4 CAP-44 (KEPT, wave W1)"
Adoption Protocol v3.0,12. D — Independent migration verification,"Contract v4 CAP-44 (KEPT, wave W1)"
Adoption Protocol v3.0,13. Legacy memory extraction after migration,"Contract v4 CAP-44 (KEPT, wave W1)"
Adoption Protocol v3.0,14. E — New Development Knowledge Fabric,"Contract v4 CAP-44 (KEPT, wave W1)"
Adoption Protocol v3.0,15. F — Independent memory verifier,"Contract v4 CAP-44 (KEPT, wave W1)"
Adoption Protocol v3.0,16. G — Comprehensive v4 project audit,"Contract v4 CAP-44 (KEPT, wave W1)"
Adoption Protocol v3.0,17. Iterative remediation,Charter v5 §5 loop budget (DEC-044) + Contract v4 CAP-59; audit findings become tickets (MR-4)
Adoption Protocol v3.0,18. Migration finding states,Audit findings as tickets (W1-36 audit skill); finding classes per DEC-070
Adoption Protocol v3.0,19. Human gates during adoption,MR-6 + Contract v4 CAP-34; adopt --lite asks customer questions as packages (W1-41)
Adoption Protocol v3.0,20. Final adoption verdict,Contract v4 CAP-44 + CAP-54 (gov doctor levels); ADOPTED_HEALTHY target (DEC-006)
Distribution Protocol v1.2,"Governance OS Release, Distribution, Adoption & Upstream Learning Protocol","Carried by Contract v4 CAP-02, CAP-43..CAP-46, CAP-54; original kept as provenance (DEC-058)"
Distribution Protocol v1.2,1. Architecture,"Contract v4 CAP-43 (KEPT, wave W1)"
Distribution Protocol v1.2,2. Recommended canonical remote,"Contract v4 CAP-43 (KEPT, wave W1)"
Distribution Protocol v1.2,3. Canonical Governance OS repository contract,"Contract v4 CAP-43 (KEPT, wave W1)"
Distribution Protocol v1.2,4. Consumer repository contract,"Contract v4 CAP-43 (KEPT, wave W1)"
Distribution Protocol v1.2,5. Why not a Git submodule by default,"Contract v4 CAP-02 (LITE, wave W1); CAP-43 (KEPT, wave W1)"
Distribution Protocol v1.2,6. Governance OS development lifecycle,"Contract v4 CAP-02 (LITE, wave W1); CAP-43 (KEPT, wave W1)"
Distribution Protocol v1.2,7. Synthetic certification projects,"Contract v4 CAP-02 (LITE, wave W1); CAP-20 (KEPT, wave W1); CAP-43 (KEPT, wave W1)"
Distribution Protocol v1.2,7.1 Greenfield fixture,"Contract v4 CAP-02 (LITE, wave W1); CAP-20 (KEPT, wave W1); CAP-43 (KEPT, wave W1)"
Distribution Protocol v1.2,7.2 Brownfield fixture,"Contract v4 CAP-02 (LITE, wave W1); CAP-20 (KEPT, wave W1); CAP-43 (KEPT, wave W1)"
Distribution Protocol v1.2,7.3 Migration fixture,"Contract v4 CAP-02 (LITE, wave W1); CAP-20 (KEPT, wave W1); CAP-43 (KEPT, wave W1)"
Distribution Protocol v1.2,7.4 Update fixture,"Contract v4 CAP-02 (LITE, wave W1); CAP-20 (KEPT, wave W1); CAP-43 (KEPT, wave W1)"
Distribution Protocol v1.2,7.5 Multi-machine/rebuild fixture,"Contract v4 CAP-02 (LITE, wave W1); CAP-20 (KEPT, wave W1); CAP-43 (KEPT, wave W1)"
Distribution Protocol v1.2,8. Release manifest,"Contract v4 CAP-02 (LITE, wave W1); CAP-43 (KEPT, wave W1)"
Distribution Protocol v1.2,9. `gov init`,"Contract v4 CAP-44 (KEPT, wave W1)"
Distribution Protocol v1.2,10. `gov adopt`,"Contract v4 CAP-44 (KEPT, wave W1)"
Distribution Protocol v1.2,Stage A0 — Safety baseline,"Contract v4 CAP-44/CAP-54 (W1-41: clean tree, backup before moves) + CAP-05"
Distribution Protocol v1.2,Stage A1 — Cold inventory,"Contract v4 CAP-06, CAP-44 (W1-41 inventory)"
Distribution Protocol v1.2,Stage A2 — Classification,Contract v4 CAP-06 (W1-41 classification)
Distribution Protocol v1.2,Stage A3 — Target path map,"Contract v4 CAP-06 (path map, W1-08, W1-41)"
Distribution Protocol v1.2,Stage A4 — Migration plan,Contract v4 CAP-44 (W1-41 batched move plan)
Distribution Protocol v1.2,Stage A5 — Independent migration review and test authoring,MR-3 independent tests before execution; CAP-47 (W3)
Distribution Protocol v1.2,Stage A6 — Controlled migration,Contract v4 CAP-44 (W1-41 batched git mv)
Distribution Protocol v1.2,Stage A7 — Independent migration verification,Contract v4 CAP-47 (W3); independent auditor W1-33
Distribution Protocol v1.2,Stage A8 — Legacy memory audit/extraction/retirement,Contract v4 CAP-42 (W1-41 legacy importer)
Distribution Protocol v1.2,Stage A9 — Development Knowledge Fabric build/rebuild,"Contract v4 CAP-20 (gov rebuild, W1-27)"
Distribution Protocol v1.2,Stage A10 — Independent memory verification,Contract v4 CAP-47 (W3) + CAP-55 canaries
Distribution Protocol v1.2,Stage A11 — Full v4 project audit,MR-4 audit (W1-36 audit skill) + CAP-47 (W3)
Distribution Protocol v1.2,11. Why path migration precedes new indexing,Contract v4 CAP-44/CAP-54 ordering in W1-41 (moves before gov rebuild)
Distribution Protocol v1.2,12. `gov update`,"Contract v4 CAP-45 (KEPT, wave W2)"
Distribution Protocol v1.2,13. Upstream framework-learning pipeline,"DROP — upstream lesson export / FCP loop is a non-goal (DEC-053 Q7; Charter v5 §7); lessons stay in docs/lessons (Contract v4 CAP-41, KEPT, wave W1)"
Distribution Protocol v1.2,14. Upstream Export Gate,"DROP — upstream lesson export / FCP loop is a non-goal (DEC-053 Q7; Charter v5 §7); lessons stay in docs/lessons (Contract v4 CAP-41, KEPT, wave W1)"
Distribution Protocol v1.2,15. Framework lesson intake,"DROP — upstream lesson export / FCP loop is a non-goal (DEC-053 Q7; Charter v5 §7); lessons stay in docs/lessons (Contract v4 CAP-41, KEPT, wave W1)"
Distribution Protocol v1.2,16. Cross-machine mechanics,"Contract v4 CAP-46 (KEPT, wave W1)"
Distribution Protocol v1.2,17. Security invariant,"Contract v4 CAP-03 (KEPT, wave W1)"
Distribution Protocol v1.2,18. Adoption acceptance,"Contract v4 CAP-44, CAP-54; DEC-006"
Owner record,OWNER-CLARIFICATION-BR-0002-CORPUS-AND-PURPOSE,"Contract v4 CAP-10 (KEPT, wave W1)"
Owner record,OWNER-DIRECTION-BR-0003-VERIFIER-CHALLENGE-ITEMS,"Contract v4 CAP-03 (secret exclusion on every route, W1-15/W1-16) + CAP-37 checkpoints; verifier challenge items become wave-exit audit rows (DEC-070)"
Owner record,OWNER-DIRECTION-BR-0004-CHECKPOINT-DISCIPLINE,"Contract v4 CAP-37 (KEPT, wave W1)"
Owner record,OWNER-DIRECTION-BR-0005-MULTI-BATCH-MULTI-HOP-RETRIEVAL,"Contract v4 CAP-15 (KEPT, wave W1); CAP-16 (KEPT, wave W1); CAP-55 (KEPT, wave W1)"
Owner record,OWNER-DIRECTION-BR-0006-CONTEXT-RETRIEVAL-AND-CONTINUITY,"Contract v4 CAP-10 (KEPT, wave W1); CAP-14 (KEPT, wave W1); CAP-15 (KEPT, wave W1); CAP-16 (KEPT, wave W1); CAP-19 (KEPT, wave W2); CAP-37 (KEPT, wave W1)"
Owner record,OWNER-LAUNCHER-BR-0001-P2X-FAIL-1,"Contract v4 CAP-52 (KEPT, wave W1)"
Owner record,OWNER-DECISION-0005-R0-REVIEW-ANSWERS,"Security-vs-availability postures reserved to the owner -> MR-6; below-floor item DROP (CAP-60, DEC-039)"
Owner record,OWNER-DECISION-0006-BELOW-FLOOR-RECOVERY,Contract v4 CAP-60 (DROP)
Owner record,OWNER-DECISION-0007-R1-QUESTIONS,Contract v4 CAP-60 (DROP)
Owner record,OWNER-DECISION-0008-CONVERGENCE-OPTION-B,"Bounded repair rounds -> Charter v5 §5 loop budget (DEC-044), CAP-59; RoT subject DROP/LITE (ADR-0001)"
Owner record,OWNER-DECISION-0009-ADOPT-ARCH-0003,"Contract v4 CAP-02 (LITE, wave W1)"
Owner record,OWNER-DESIGN-REQUIREMENTS-0001,Root-of-trust design inputs: superseded by ADR-0001 (DEC-039); lite form CAP-02 (DEC-074 Q11)
Owner record,OWNER-DESIGN-REQUIREMENTS-0002,"CP-1 / RoT resolutions: superseded by ADR-0001 (DEC-039, DEC-046 leaves CP-1 behind); lite form CAP-02"
Owner record,OWNER-DIRECTIVE-0003-FREEZE-ROT-LOOP,"Loop stop -> Charter v5 §5 loop budget (DEC-044), CAP-59"
Owner record,OWNER-DIRECTIVE-0004-SIGNED-RELEASE-ROOT-REBASE,"Contract v4 CAP-02 (LITE, wave W1)"
Owner record,HG-P2-0001-OWNER-DECISIONS,"Gate practice -> MR-6, CAP-34 (non-global blocking); subjects superseded by ADR-0001 (DEC-039)"
Owner record,OWNER-AMENDMENT-P2-0010-CONTEXT-RETRIEVAL-BRIDGE,"Whole-system context pack for independent review -> DEC-042 as amended (FULL-profile verifier), Contract v4 CAP-15, CAP-47"
Owner record,OWNER-AUTHORISATION-P2-0006-OPTION-A-BOUNDED-ROUND,"Bounded final round with hard stop -> Charter v5 §5 loop budget, CAP-59; install-escape subject superseded by DEC-083 (ADR-0001)"
Owner record,OWNER-CLARIFICATION-P2-0004-TRUSTED-AUTHORITY-STATE,"Contract v4 CAP-01 (KEPT, wave W1); CAP-26 (DROP)"
Owner record,OWNER-DECISION-P2-0001-AGENT-ROLE-IDENTITY,"Contract v4 CAP-21 (LITE, wave W1)"
Owner record,OWNER-DECISION-P2-0002-UNPROVISIONED-MACHINES,Trust-anchor provisioning posture superseded by ADR-0001 (DEC-039); tool installs by owner approval (DEC-083)
Owner record,OWNER-DECISION-P2-0003-TOOL-INSTALL-GATE,"Contract v4 CAP-25 (LITE, wave W1)"
Owner record,OWNER-DECISION-P2-0005-BIND-THE-BYTES,"Contract v4 CAP-02 (LITE, wave W1); CAP-26 (DROP)"
Owner record,OWNER-DECISION-P2-0007-A-PLUS-C-STRUCTURAL-REMEDIATION,"Remove the pattern, not another enumeration -> DEC-041 default-deny (CAP-58) + Charter v5 §3 principle 9"
Owner record,OWNER-DECISION-P2-0008-COMPLETE-PHASE-2,"Contract v4 CAP-06 (KEPT, wave W1)"
Owner record,OWNER-DECISION-P2-0010A-B-REVIEW-8-DISPOSITION,"Phase-2 product frozen and archived (DEC-051, DEC-056); review-loop lesson -> Charter v5 §5 loop budget (DEC-044)"
Owner record,OWNER-DIRECTION-P2-0009-COMPLETE-WITH-SWEEP,"Contract v4 CAP-04 (KEPT, wave W2); CAP-53 (KEPT, wave W2); CAP-54 (KEPT, wave W1); CAP-59 (KEPT, wave W1)"
